objective,TR_star,TE_star,J_max,boundary_optimum,roughness,n_local_maxima,curvature_at_opt
CNR_only,4000.0,25.0,6.198124127036336,True,0.0016672041400811301,2,
Relative_contrast,4000.0,200.0,0.6334826134051095,True,0.00027628685980783045,2,
CNR_minus_lambda_time (lambda=1.00e-05),3300.0,35.0,1.2274841104098178,False,0.002825265283753304,3,0.019396845341564273
CNR_efficiency (CNR/sqrt(time)),3850.0,30.0,0.0023274469974146872,False,0.004084421554609787,2,7.526178428144976e-06
Multi_objective (0.5 CNR + 0.3 SNR - 0.2 time),450.0,10.0,0.0998345289619059,True,0.001542948618486674,3,
